Method,Recall@5,MRR,p95_latency_ms
Dense,0.9,0.8416666666666666,12.423494992981432
Hybrid,0.9,0.7666666666666666,17.887820010219
BM25,0.8,0.7375,2.2203849897778127
